step,cells_count,step_time,per_cell
1,2,0.1682541370391845,0.08412706851959224
2,2,0.2502398490905761,0.12511992454528806
3,2,0.1446180343627929,0.07230901718139646
4,2,0.1493639945983886,0.0746819972991943
5,2,0.1555500030517578,0.0777750015258789
6,2,0.1546752452850341,0.07733762264251705
7,2,0.1848154067993164,0.0924077033996582
8,2,0.2352523803710937,0.11762619018554685
9,2,0.1670558452606201,0.08352792263031004
10,2,0.1737377643585205,0.08686888217926025
11,2,0.166215181350708,0.083107590675354
12,2,0.1289303302764892,0.0644651651382446
13,2,0.160043716430664,0.080021858215332
14,2,0.2042620182037353,0.10213100910186765
15,2,0.1861162185668945,0.09305810928344725
16,2,0.1319375038146972,0.0659687519073486
17,2,0.1249988079071044,0.0624994039535522
18,2,0.1563441753387451,0.07817208766937254
19,2,0.1393311023712158,0.0696655511856079
20,2,0.2031288146972656,0.1015644073486328
21,2,0.1561753749847412,0.0780876874923706
22,2,0.1621818542480468,0.0810909271240234
23,2,0.1304078102111816,0.0652039051055908
24,2,0.1249942779541015,0.06249713897705075
25,2,0.1406254768371582,0.0703127384185791
26,2,0.1875021457672119,0.09375107288360594
27,2,0.1304259300231933,0.06521296501159665
28,2,0.1328544616699218,0.0664272308349609
29,2,0.1692256927490234,0.0846128463745117
30,2,0.1432712078094482,0.0716356039047241
31,2,0.1406168937683105,0.07030844688415525
32,2,0.1381764411926269,0.06908822059631345
33,2,0.179560899734497,0.0897804498672485
34,2,0.1327741146087646,0.0663870573043823
35,2,0.1289427280426025,0.06447136402130126
36,2,0.1306886672973632,0.0653443336486816
37,2,0.1572961807250976,0.0786480903625488
38,2,0.1425528526306152,0.0712764263153076
39,2,0.187502384185791,0.0937511920928955
40,2,0.1249804496765136,0.0624902248382568
41,2,0.1718919277191162,0.0859459638595581
42,2,0.1637842655181884,0.0818921327590942
43,2,0.1250016689300537,0.06250083446502686
44,2,0.1883027553558349,0.09415137767791745
45,2,0.1850500106811523,0.09252500534057614
46,2,0.1874899864196777,0.09374499320983885
47,2,0.1563611030578613,0.07818055152893065
48,2,0.1390223503112793,0.06951117515563965
49,2,0.1406221389770507,0.07031106948852535
50,2,0.129758596420288,0.064879298210144
51,2,0.2302570343017578,0.1151285171508789
52,2,0.1249988079071044,0.0624994039535522
53,2,0.1249675750732421,0.06248378753662105
54,2,0.1336495876312255,0.06682479381561275
55,2,0.1368253231048584,0.0684126615524292
56,2,0.1249935626983642,0.0624967813491821
57,2,0.1250109672546386,0.0625054836273193
58,2,0.1250026226043701,0.06250131130218504
59,2,0.1697101593017578,0.0848550796508789
60,2,0.1330759525299072,0.0665379762649536
61,2,0.1250014305114746,0.0625007152557373
62,2,0.1249995231628418,0.0624997615814209
63,2,0.1779811382293701,0.08899056911468504
64,2,0.1378304958343505,0.06891524791717525
65,2,0.132922887802124,0.066461443901062
66,2,0.1453022956848144,0.0726511478424072
67,2,0.1472322940826416,0.0736161470413208
68,2,0.1249916553497314,0.0624958276748657
69,2,0.1927297115325927,0.09636485576629635
70,2,0.1385912895202636,0.0692956447601318
71,2,0.1249935626983642,0.0624967813491821
72,2,0.1250028610229492,0.0625014305114746
73,2,0.1250269412994384,0.0625134706497192
74,2,0.1598098278045654,0.0799049139022827
75,2,0.1996767520904541,0.09983837604522705
76,2,0.1250052452087402,0.0625026226043701
77,2,0.1250021457672119,0.06250107288360594
78,2,0.1249971389770507,0.06249856948852535
79,2,0.1290292739868164,0.0645146369934082
80,2,0.1250045299530029,0.06250226497650145
81,2,0.1776890754699707,0.08884453773498535
82,2,0.168069839477539,0.0840349197387695
83,2,0.1423397064208984,0.0711698532104492
84,2,0.129091739654541,0.0645458698272705
85,2,0.1250054836273193,0.06250274181365965
86,2,0.1249995231628418,0.0624997615814209
87,2,0.1249868869781494,0.0624934434890747
88,2,0.1718716621398925,0.08593583106994625
89,2,0.1383447647094726,0.0691723823547363
90,2,0.1248955726623535,0.06244778633117675
91,2,0.153810977935791,0.0769054889678955
92,2,0.1330678462982177,0.06653392314910885
93,2,0.1250128746032714,0.0625064373016357
94,2,0.1831963062286377,0.09159815311431885
95,2,0.124995470046997,0.0624977350234985
96,2,0.1250028610229492,0.0625014305114746
1,3,0.3178019523620605,0.10593398412068683
2,3,0.2051520347595214,0.06838401158650713
3,3,0.2031309604644775,0.06771032015482584
4,3,0.2031347751617431,0.06771159172058104
5,3,0.2556366920471191,0.08521223068237303
6,3,0.2089173793792724,0.06963912645975746
7,3,0.2839734554290771,0.09465781847635903
8,3,0.3345644474029541,0.11152148246765137
9,3,0.2137844562530517,0.0712614854176839
10,3,0.1980249881744384,0.06600832939147946
11,3,0.2489023208618164,0.08296744028727214
12,3,0.2999215126037597,0.09997383753458657
13,3,0.2523303031921386,0.0841101010640462
14,3,0.2031149864196777,0.0677049954732259
15,3,0.2500083446502685,0.08333611488342284
16,3,0.2085804939270019,0.06952683130900063
17,3,0.2031464576721191,0.06771548589070638
18,3,0.203132152557373,0.06771071751912433
19,3,0.2982211112976074,0.09940703709920247
20,3,0.2122104167938232,0.07073680559794106
21,3,0.2096064090728759,0.06986880302429196
22,3,0.2656433582305908,0.0885477860768636
23,3,0.2064723968505859,0.06882413228352864
24,3,0.206777811050415,0.06892593701680501
25,3,0.2498006820678711,0.0832668940226237
26,3,0.2656247615814209,0.08854158719380696
27,3,0.2087314128875732,0.06957713762919106
28,3,0.2031130790710449,0.0677043596903483
29,3,0.2768676280975342,0.09228920936584473
30,3,0.2187156677246093,0.07290522257486977
31,3,0.235076904296875,0.07835896809895833
32,3,0.2031025886535644,0.06770086288452147
33,3,0.2641148567199707,0.08803828557332356
34,3,0.2234284877777099,0.07447616259256996
35,3,0.2115912437438964,0.0705304145812988
36,3,0.2656049728393554,0.0885349909464518
37,3,0.2353518009185791,0.07845060030619304
38,3,0.2177803516387939,0.07259345054626463
39,3,0.21036958694458,0.07012319564819333
40,3,0.2738749980926513,0.09129166603088378
41,3,0.234407901763916,0.07813596725463866
42,3,0.290022611618042,0.09667420387268066
43,3,0.2613477706909179,0.0871159235636393
44,3,0.2646656036376953,0.08822186787923177
45,3,0.2163548469543457,0.07211828231811523
46,3,0.2319626808166504,0.07732089360555013
47,3,0.2951529026031494,0.09838430086771648
48,3,0.2976446151733398,0.0992148717244466
49,3,0.2739248275756836,0.0913082758585612
50,3,0.2520005702972412,0.0840001900990804
51,3,0.3430581092834472,0.11435270309448241
52,3,0.2628815174102783,0.08762717247009277
53,3,0.2313084602355957,0.0771028200785319
54,3,0.3317220211029053,0.11057400703430176
55,3,0.27406907081604,0.09135635693868
56,3,0.3454542160034179,0.11515140533447264
57,3,0.2149431705474853,0.07164772351582843
58,3,0.2656214237213135,0.08854047457377116
59,3,0.2090053558349609,0.06966845194498697
60,3,0.2904195785522461,0.09680652618408203
61,3,0.2508308887481689,0.08361029624938963
62,3,0.297290563583374,0.09909685452779134
63,3,0.2482035160064697,0.0827345053354899
64,3,0.2182719707489013,0.0727573235829671
65,3,0.2901382446289062,0.0967127482096354
66,3,0.3014004230499267,0.1004668076833089
67,3,0.2323224544525146,0.0774408181508382
68,3,0.2533943653106689,0.08446478843688963
69,3,0.2968754768371582,0.09895849227905273
70,3,0.2401690483093261,0.08005634943644203
71,3,0.249964952468872,0.08332165082295732
72,3,0.3095631599426269,0.10318771998087563
73,3,0.2533645629882812,0.08445485432942706
74,3,0.2183563709259033,0.0727854569753011
75,3,0.2031147480010986,0.0677049160003662
76,3,0.2656197547912597,0.08853991826375324
77,3,0.2095069885253906,0.06983566284179686
78,3,0.234266996383667,0.07808899879455566
79,3,0.2632620334625244,0.0877540111541748
80,3,0.2089016437530517,0.06963388125101723
81,3,0.2158284187316894,0.07194280624389647
82,3,0.2105219364166259,0.07017397880554196
83,3,0.3514435291290283,0.11714784304300944
84,3,0.2497861385345459,0.08326204617818196
85,3,0.233100414276123,0.077700138092041
86,3,0.2812433242797851,0.09374777475992836
87,3,0.2105627059936523,0.07018756866455077
88,3,0.1996405124664306,0.0665468374888102
89,3,0.2035207748413086,0.0678402582804362
90,3,0.3080811500549316,0.10269371668497719
91,3,0.2031285762786865,0.06770952542622884
92,3,0.2152884006500244,0.07176280021667479
93,3,0.2586259841918945,0.08620866139729816
94,3,0.2187559604644775,0.07291865348815917
95,3,0.2186529636383056,0.07288432121276854
96,3,0.2498941421508789,0.0832980473836263
1,4,0.3583884239196777,0.08959710597991942
2,4,0.2872369289398193,0.07180923223495482
3,4,0.2897000312805176,0.0724250078201294
4,4,0.405897855758667,0.10147446393966675
5,4,0.2812502384185791,0.07031255960464478
6,4,0.2812502384185791,0.07031255960464478
7,4,0.2881581783294678,0.07203954458236694
8,4,0.2812519073486328,0.0703129768371582
9,4,0.3908138275146484,0.0977034568786621
10,4,0.2968723773956299,0.07421809434890747
11,4,0.3281257152557373,0.08203142881393433
12,4,0.2859303951263428,0.0714825987815857
13,4,0.2912228107452392,0.0728057026863098
14,4,0.3773806095123291,0.09434515237808228
15,4,0.2862727642059326,0.07156819105148315
16,4,0.2968766689300537,0.07421916723251343
17,4,0.3437504768371582,0.08593761920928955
18,4,0.3411006927490234,0.08527517318725585
19,4,0.3437566757202148,0.0859391689300537
20,4,0.2812514305114746,0.07031285762786865
21,4,0.3094696998596191,0.07736742496490477
22,4,0.358565092086792,0.089641273021698
23,4,0.3265683650970459,0.08164209127426147
24,4,0.3542711734771728,0.0885677933692932
25,4,0.2866811752319336,0.0716702938079834
26,4,0.296875,0.07421875
27,4,0.3538188934326172,0.0884547233581543
28,4,0.3267357349395752,0.0816839337348938
29,4,0.3593757152557373,0.08984392881393433
30,4,0.2916696071624756,0.0729174017906189
31,4,0.2968776226043701,0.07421940565109253
32,4,0.3564496040344238,0.08911240100860594
33,4,0.3204050064086914,0.08010125160217285
34,4,0.2968757152557373,0.07421892881393433
35,4,0.2812514305114746,0.07031285762786865
36,4,0.295706033706665,0.07392650842666625
37,4,0.3956277370452881,0.09890693426132202
38,4,0.2996935844421386,0.07492339611053465
39,4,0.3506250381469726,0.08765625953674315
40,4,0.2968757152557373,0.07421892881393433
41,4,0.3015275001525879,0.07538187503814697
42,4,0.3966624736785888,0.0991656184196472
43,4,0.3282549381256103,0.08206373453140257
44,4,0.3137874603271484,0.0784468650817871
45,4,0.3437504768371582,0.08593761920928955
46,4,0.3278930187225342,0.08197325468063354
47,4,0.3710265159606933,0.09275662899017333
48,4,0.3019027709960937,0.07547569274902342
49,4,0.2968754768371582,0.07421886920928955
50,4,0.3404016494750976,0.0851004123687744
51,4,0.3435811996459961,0.08589529991149902
52,4,0.3589270114898681,0.08973175287246703
53,4,0.3151469230651855,0.07878673076629637
54,4,0.2968757152557373,0.07421892881393433
55,4,0.3581428527832031,0.08953571319580078
56,4,0.3321194648742676,0.0830298662185669
57,4,0.3593757152557373,0.08984392881393433
58,4,0.2968769073486328,0.0742192268371582
59,4,0.2876214981079101,0.07190537452697753
60,4,0.3879015445709228,0.0969753861427307
61,4,0.2863521575927734,0.07158803939819335
62,4,0.2812504768371582,0.07031261920928955
63,4,0.2968769073486328,0.0742192268371582
64,4,0.2930009365081787,0.07325023412704468
65,4,0.3949978351593017,0.09874945878982543
66,4,0.2968742847442627,0.07421857118606567
67,4,0.3538882732391357,0.08847206830978392
68,4,0.2968764305114746,0.07421910762786865
69,4,0.3408851623535156,0.0852212905883789
70,4,0.3395347595214844,0.0848836898803711
71,4,0.2968761920928955,0.07421904802322388
72,4,0.2812504768371582,0.07031261920928955
73,4,0.3536326885223388,0.0884081721305847
74,4,0.3363516330718994,0.08408790826797485
75,4,0.3489964008331299,0.08724910020828247
76,4,0.3013556003570556,0.0753389000892639
77,4,0.2968761920928955,0.07421904802322388
78,4,0.3490746021270752,0.0872686505317688
79,4,0.3315188884735107,0.08287972211837767
80,4,0.3558096885681152,0.0889524221420288
81,4,0.3040497303009033,0.07601243257522583
82,4,0.2968761920928955,0.07421904802322388
83,4,0.4127416610717773,0.10318541526794432
84,4,0.3069541454315185,0.07673853635787962
85,4,0.3583865165710449,0.08959662914276123
86,4,0.2968757152557373,0.07421892881393433
87,4,0.2921364307403564,0.0730341076850891
88,4,0.3847510814666748,0.0961877703666687
89,4,0.2968754768371582,0.07421886920928955
90,4,0.3492600917816162,0.08731502294540405
91,4,0.3013591766357422,0.07533979415893555
92,4,0.2968761920928955,0.07421904802322388
93,4,0.3761372566223144,0.0940343141555786
94,4,0.3281257152557373,0.08203142881393433
95,4,0.2812504768371582,0.07031261920928955
96,4,0.335010290145874,0.0837525725364685
1,5,0.3814959526062011,0.07629919052124022
2,5,0.4525220394134521,0.09050440788269042
3,5,0.373584508895874,0.07471690177917481
4,5,0.4818849563598633,0.09637699127197266
5,5,0.3721230030059814,0.07442460060119628
6,5,0.4218761920928955,0.08437523841857911
7,5,0.4218842983245849,0.08437685966491698
8,5,0.4184489250183105,0.0836897850036621
9,5,0.4307065010070801,0.08614130020141601
10,5,0.3650360107421875,0.0730072021484375
11,5,0.4218602180480957,0.08437204360961914
12,5,0.4293267726898193,0.08586535453796386
13,5,0.4316976070404053,0.08633952140808106
14,5,0.3818223476409912,0.07636446952819824
15,5,0.4395172595977783,0.08790345191955566
16,5,0.4200594425201416,0.08401188850402833
17,5,0.4375028610229492,0.08750057220458984
18,5,0.3674602508544922,0.07349205017089844
19,5,0.4375021457672119,0.08750042915344239
20,5,0.4074873924255371,0.08149747848510742
21,5,0.4375011920928955,0.0875002384185791
22,5,0.379777193069458,0.0759554386138916
23,5,0.4641237258911133,0.09282474517822266
24,5,0.4054543972015381,0.08109087944030761
25,5,0.4419832229614258,0.08839664459228516
26,5,0.3750085830688476,0.07500171661376952
27,5,0.4882762432098388,0.09765524864196776
28,5,0.4375398159027099,0.08750796318054198
29,5,0.3749926090240478,0.07499852180480956
30,5,0.4296956062316894,0.08593912124633787
31,5,0.4179902076721191,0.08359804153442382
32,5,0.4345130920410156,0.08690261840820312
33,5,0.3954808712005615,0.07909617424011231
34,5,0.4506106376647949,0.09012212753295898
35,5,0.4355731010437011,0.08711462020874022
36,5,0.4423985481262207,0.08847970962524414
37,5,0.3750028610229492,0.07500057220458985
38,5,0.4374916553497314,0.08749833106994628
39,5,0.4144566059112549,0.08289132118225098
40,5,0.4374814033508301,0.08749628067016602
41,5,0.3957719802856445,0.0791543960571289
42,5,0.4506666660308838,0.09013333320617675
43,5,0.406940221786499,0.08138804435729981
44,5,0.4359135627746582,0.08718271255493164
45,5,0.3906445503234863,0.07812891006469726
46,5,0.4350571632385254,0.08701143264770508
47,5,0.4038426876068115,0.0807685375213623
48,5,0.4427855014801025,0.0885571002960205
49,5,0.3756470680236816,0.07512941360473632
50,5,0.4562489986419678,0.09124979972839356
51,5,0.4133353233337402,0.08266706466674803
52,5,0.4374897480010986,0.08749794960021971
53,5,0.389385461807251,0.0778770923614502
54,5,0.4424395561218261,0.08848791122436522
55,5,0.3893699645996094,0.07787399291992188
56,5,0.439903974533081,0.0879807949066162
57,5,0.437523603439331,0.0875047206878662
58,5,0.3799691200256347,0.07599382400512694
59,5,0.455667495727539,0.09113349914550781
60,5,0.3884685039520263,0.07769370079040526
61,5,0.4323282241821289,0.08646564483642578
62,5,0.4067394733428955,0.0813478946685791
63,5,0.4709651470184326,0.09419302940368653
64,5,0.3750202655792236,0.07500405311584471
65,5,0.4375016689300537,0.08750033378601074
66,5,0.3854610919952392,0.07709221839904784
67,5,0.4561657905578613,0.09123315811157226
68,5,0.3800568580627441,0.07601137161254881
69,5,0.4348275661468506,0.08696551322937011
70,5,0.399446964263916,0.07988939285278321
71,5,0.4510953426361084,0.09021906852722168
72,5,0.3813209533691406,0.07626419067382813
73,5,0.435208797454834,0.08704175949096679
74,5,0.3905644416809082,0.07811288833618164
75,5,0.4587211608886719,0.09174423217773438
76,5,0.3737237453460693,0.07474474906921386
77,5,0.4375004768371582,0.08750009536743164
78,5,0.3955070972442627,0.07910141944885254
79,5,0.4610705375671386,0.09221410751342772
80,5,0.3906211853027344,0.07812423706054687
81,5,0.4285588264465332,0.08571176528930664
82,5,0.4296495914459228,0.08592991828918456
83,5,0.4695367813110351,0.09390735626220702
84,5,0.3946611881256103,0.07893223762512205
85,5,0.4520976543426513,0.09041953086853026
86,5,0.4195864200592041,0.08391728401184081
87,5,0.4448435306549072,0.08896870613098144
88,5,0.3699903488159179,0.07399806976318359
89,5,0.4375197887420654,0.08750395774841307
90,5,0.4125115871429443,0.08250231742858885
91,5,0.4374752044677734,0.08749504089355467
92,5,0.44264817237854,0.088529634475708
93,5,0.3749992847442627,0.07499985694885254
94,5,0.4758954048156738,0.09517908096313475
95,5,0.3883705139160156,0.07767410278320312
96,5,0.4354474544525146,0.08708949089050291
1,6,0.5156135559082031,0.08593559265136719
2,6,0.4659392833709717,0.07765654722849528
3,6,0.5118710994720459,0.08531184991200765
4,6,0.5114543437957764,0.0852423906326294
5,6,0.4640719890594482,0.07734533150990804
6,6,0.5415401458740234,0.0902566909790039
7,6,0.5455119609832764,0.0909186601638794
8,6,0.4508364200592041,0.07513940334320068
9,6,0.5156221389770508,0.0859370231628418
10,6,0.5784778594970703,0.09641297658284505
11,6,0.4739651679992676,0.0789941946665446
12,6,0.5294816493988037,0.08824694156646729
13,6,0.5252161026000977,0.08753601710001628
14,6,0.5304453372955322,0.08840755621592204
15,6,0.5468969345092773,0.09114948908487956
16,6,0.5014188289642334,0.08356980482737224
17,6,0.558002233505249,0.09300037225087483
18,6,0.5207805633544922,0.08679676055908203
19,6,0.468764066696167,0.07812734444936116
20,6,0.5722754001617432,0.09537923336029053
21,6,0.465526819229126,0.07758780320485432
22,6,0.5365707874298096,0.08942846457163493
23,6,0.5605313777923584,0.0934218962987264
24,6,0.4743578433990478,0.07905964056650797
25,6,0.5312483310699463,0.08854138851165771
26,6,0.5757834911346436,0.09596391518910725
27,6,0.4687309265136719,0.07812182108561198
28,6,0.5213027000427246,0.0868837833404541
29,6,0.4687497615814209,0.07812496026357015
30,6,0.5561344623565674,0.0926890770594279
31,6,0.5234363079071045,0.08723938465118408
32,6,0.4687235355377197,0.07812058925628662
33,6,0.5615749359130859,0.09359582265218098
34,6,0.5372860431671143,0.08954767386118571
35,6,0.5239062309265137,0.08731770515441895
36,6,0.5820443630218506,0.0970073938369751
37,6,0.4652407169342041,0.07754011948903401
38,6,0.5312309265136719,0.08853848775227864
39,6,0.545365571975708,0.09089426199595134
40,6,0.4903378486633301,0.08172297477722168
41,6,0.5596027374267578,0.09326712290445964
42,6,0.5468904972076416,0.0911484162012736
43,6,0.5204675197601318,0.08674458662668864
44,6,0.5237133502960205,0.08728555838267009
45,6,0.4821715354919433,0.08036192258199056
46,6,0.5798196792602539,0.09663661321004231
47,6,0.5262408256530762,0.0877068042755127
48,6,0.4843902587890625,0.08073170979817708
49,6,0.5680842399597168,0.0946807066599528
50,6,0.5314791202545166,0.08857985337575276
51,6,0.4816832542419433,0.08028054237365721
52,6,0.5286381244659424,0.08810635407765706
53,6,0.4949092864990234,0.08248488108317056
54,6,0.5333268642425537,0.08888781070709229
55,6,0.5453958511352539,0.09089930852254231
56,6,0.5139195919036865,0.08565326531728108
57,6,0.5453763008117676,0.0908960501352946
58,6,0.5312628746032715,0.08854381243387859
59,6,0.5207924842834473,0.08679874738057454
60,6,0.5312397480010986,0.0885399580001831
61,6,0.4639816284179687,0.07733027140299478
62,6,0.5689873695373535,0.09483122825622559
63,6,0.5285506248474121,0.08809177080790202
64,6,0.4687545299530029,0.07812575499216715
65,6,0.5573263168334961,0.09288771947224934
66,6,0.5523779392242432,0.0920629898707072
67,6,0.4664959907531738,0.07774933179219563
68,6,0.5093858242034912,0.08489763736724854
69,6,0.5182607173919678,0.08637678623199463
70,6,0.5312671661376953,0.08854452768961589
71,6,0.5451433658599854,0.09085722764333089
72,6,0.5093827247619629,0.08489712079366048
73,6,0.5277583599090576,0.0879597266515096
74,6,0.5156261920928955,0.08593769868214925
75,6,0.5102953910827637,0.08504923184712727
76,6,0.5184340476989746,0.08640567461649577
77,6,0.5447850227355957,0.09079750378926595
78,6,0.5536472797393799,0.09227454662322998
79,6,0.553596019744873,0.09226600329081218
80,6,0.4582479000091553,0.07637465000152588
81,6,0.5282082557678223,0.08803470929463704
82,6,0.5811293125152588,0.0968548854192098
83,6,0.4715909957885742,0.0785984992980957
84,6,0.5312504768371582,0.08854174613952637
85,6,0.5166060924530029,0.08610101540883382
86,6,0.4811015129089355,0.08018358548482259
87,6,0.5371725559234619,0.08952875932057698
88,6,0.51004958152771,0.08500826358795166
89,6,0.5277276039123535,0.08795460065205891
90,6,0.5301969051361084,0.08836615085601807
91,6,0.4651327133178711,0.07752211888631184
92,6,0.5531039237976074,0.09218398729960124
93,6,0.4807212352752685,0.08012020587921141
94,6,0.5312533378601074,0.08854222297668457
95,6,0.5664727687835693,0.0944121281305949
96,6,0.4687519073486328,0.0781253178914388
1,7,0.6534585952758789,0.09335122789655413
2,7,0.6093728542327881,0.0870532648903983
3,7,0.6396439075469971,0.09137770107814244
4,7,0.6199307441711426,0.0885615348815918
5,7,0.555962324142456,0.07942318916320801
6,7,0.6426384449005127,0.09180549212864467
7,7,0.6382455825805664,0.09117794036865234
8,7,0.6562495231628418,0.09374993188040597
9,7,0.604985237121582,0.0864264624459403
10,7,0.6233031749725342,0.08904331071036202
11,7,0.6194181442260742,0.0884883063180106
12,7,0.6753010749816895,0.09647158214024135
13,7,0.6093597412109375,0.0870513916015625
14,7,0.5737848281860352,0.0819692611694336
15,7,0.6616456508636475,0.09452080726623535
16,7,0.6002061367034912,0.08574373381478446
17,7,0.6152420043945312,0.08789171491350446
18,7,0.600715160369873,0.08581645148141044
19,7,0.6389453411102295,0.09127790587288993
20,7,0.6093466281890869,0.0870495183127267
21,7,0.6563887596130371,0.09376982280186244
22,7,0.6466798782348633,0.0923828397478376
23,7,0.5946874618530273,0.08495535169328962
24,7,0.6412534713745117,0.0916076387677874
25,7,0.6223757266998291,0.08891081809997559
26,7,0.6589856147766113,0.09414080211094447
27,7,0.5625238418579102,0.0803605488368443
28,7,0.6202583312988281,0.08860833304268974
29,7,0.6652867794036865,0.09504096848624093
30,7,0.6225042343139648,0.0889291763305664
31,7,0.5762076377868652,0.08231537682669503
32,7,0.664362907409668,0.0949089867728097
33,7,0.668076753616333,0.09543953623090472
34,7,0.6433548927307129,0.09190784181867327
35,7,0.7094993591308594,0.10135705130440849
36,7,0.615302562713623,0.08790036610194615
37,7,0.6593348979949951,0.09419069971357073
38,7,0.6468315124511719,0.09240450177873884
39,7,0.5468497276306152,0.07812138966151647
40,7,0.6386668682098389,0.09123812402997698
41,7,0.6489183902740479,0.09270262718200684
42,7,0.6229538917541504,0.08899341310773577
43,7,0.5953159332275391,0.08504513331821986
44,7,0.627547025680542,0.08964957509722028
45,7,0.6145586967468262,0.08779409953526088
46,7,0.669205904006958,0.09560084342956543
47,7,0.5614478588104248,0.08020683697291783
48,7,0.6249449253082275,0.08927784647260394
49,7,0.6856606006622314,0.09795151438031878
50,7,0.6348073482513428,0.09068676403590611
51,7,0.5649607181549072,0.0807086740221296
52,7,0.6699297428131104,0.09570424897330147
53,7,0.621159553527832,0.08873707907540458
54,7,0.6152255535125732,0.08788936478751046
55,7,0.6072008609771729,0.08674298013959612
56,7,0.6393613815307617,0.09133734021868024
57,7,0.6290590763092041,0.0898655823298863
58,7,0.671255350112915,0.09589362144470215
59,7,0.5702328681945801,0.08146183831351143
60,7,0.6203112602233887,0.08861589431762695
61,7,0.6690948009490967,0.09558497156415667
62,7,0.609375,0.08705357142857142
63,7,0.5762708187103271,0.08232440267290388
64,7,0.6470067501068115,0.0924295357295445
65,7,0.623002290725708,0.08900032724652972
66,7,0.6551117897033691,0.09358739852905273
67,7,0.5578243732452393,0.07968919617789132
68,7,0.6093828678131104,0.08705469540187291
69,7,0.6711304187774658,0.09587577411106654
70,7,0.6365444660186768,0.09093492371695382
71,7,0.6220381259918213,0.08886258942740304
72,7,0.6718251705169678,0.09597502435956683
73,7,0.6249904632568359,0.0892843518938337
74,7,0.6355185508728027,0.09078836441040039
75,7,0.6135396957397461,0.08764852796282087
76,7,0.6230795383453369,0.08901136262076241
77,7,0.6230261325836182,0.08900373322623116
78,7,0.666496753692627,0.09521382195608956
79,7,0.5597226619720459,0.07996038028172084
80,7,0.6248464584350586,0.08926377977643694
81,7,0.6438562870025635,0.09197946957179479
82,7,0.6309471130371094,0.0901353018624442
83,7,0.5980813503265381,0.08544019290379115
84,7,0.6390023231506348,0.0912860461643764
85,7,0.609386682510376,0.08705524035862514
86,7,0.6685259342193604,0.09550370488848005
87,7,0.5657188892364502,0.08081698417663574
88,7,0.6387205123901367,0.09124578748430524
89,7,0.6703917980194092,0.0957702568599156
90,7,0.6345264911651611,0.09064664159502302
91,7,0.5723857879638672,0.08176939828055245
92,7,0.6689040660858154,0.09555772372654506
93,7,0.6230721473693848,0.08901030676705497
94,7,0.6250271797180176,0.08928959710257393
95,7,0.6091516017913818,0.08702165739876884
96,7,0.6402416229248047,0.09146308898925781
1,8,0.7107603549957275,0.08884504437446594
2,8,0.7200272083282471,0.09000340104103088
3,8,0.7616374492645264,0.0952046811580658
4,8,0.7187507152557373,0.08984383940696716
5,8,0.7009003162384033,0.08761253952980042
6,8,0.7248907089233398,0.09061133861541748
7,8,0.7365922927856445,0.09207403659820557
8,8,0.7539222240447998,0.09424027800559998
9,8,0.7372994422912598,0.09216243028640747
10,8,0.7738783359527588,0.09673479199409485
11,8,0.7223553657531738,0.09029442071914673
12,8,0.7343771457672119,0.09179714322090149
13,8,0.7544858455657959,0.09431073069572449
14,8,0.7171919345855713,0.08964899182319641
15,8,0.7143139839172363,0.08928924798965454
16,8,0.6562514305114746,0.08203142881393433
17,8,0.7323894500732422,0.09154868125915527
18,8,0.7561302185058594,0.09451627731323242
19,8,0.7467207908630371,0.09334009885787964
20,8,0.774115800857544,0.096764475107193
21,8,0.7316341400146484,0.09145426750183105
22,8,0.7321133613586426,0.09151417016983032
23,8,0.7615890502929688,0.0951986312866211
24,8,0.7501516342163086,0.09376895427703857
25,8,0.8010063171386719,0.10012578964233398
26,8,0.6867332458496094,0.08584165573120117
27,8,0.7371771335601807,0.09214714169502258
28,8,0.751798152923584,0.093974769115448
29,8,0.7243814468383789,0.09054768085479736
30,8,0.7692008018493652,0.09615010023117065
31,8,0.73270583152771,0.09158822894096375
32,8,0.7236940860748291,0.09046176075935364
33,8,0.7623457908630371,0.09529322385787964
34,8,0.7567055225372314,0.09458819031715393
35,8,0.7481224536895752,0.0935153067111969
36,8,0.7268028259277344,0.0908503532409668
37,8,0.7343442440032959,0.09179303050041199
38,8,0.7554984092712402,0.09443730115890503
39,8,0.7308669090270996,0.09135836362838745
40,8,0.7729501724243164,0.09661877155303955
41,8,0.7567389011383057,0.09459236264228821
42,8,0.7168407440185547,0.08960509300231934
43,8,0.754479169845581,0.09430989623069763
44,8,0.7237718105316162,0.09047147631645203
45,8,0.7706232070922852,0.09632790088653564
46,8,0.7484285831451416,0.0935535728931427
47,8,0.7396116256713867,0.09245145320892334
48,8,0.7241346836090088,0.0905168354511261
49,8,0.7392849922180176,0.0924106240272522
50,8,0.7751560211181641,0.09689450263977051
51,8,0.7163453102111816,0.0895431637763977
52,8,0.7604217529296875,0.09505271911621094
53,8,0.7383511066436768,0.0922938883304596
54,8,0.7573013305664062,0.09466266632080078
55,8,0.7195034027099609,0.08993792533874512
56,8,0.7421526908874512,0.0927690863609314
57,8,0.7730154991149902,0.09662693738937378
58,8,0.7408621311187744,0.0926077663898468
59,8,0.727454662322998,0.09093183279037476
60,8,0.7899134159088135,0.09873917698860168
61,8,0.7399032115936279,0.09248790144920349
62,8,0.7806055545806885,0.09757569432258606
63,8,0.7398428916931152,0.0924803614616394
64,8,0.7343757152557373,0.09179696440696716
65,8,0.7891738414764404,0.09864673018455505
66,8,0.6692445278167725,0.08365556597709656
67,8,0.7741515636444092,0.09676894545555115
68,8,0.7366738319396973,0.09208422899246216
69,8,0.7654342651367188,0.09567928314208984
70,8,0.765357255935669,0.09566965699195862
71,8,0.728276252746582,0.09103453159332275
72,8,0.7852315902709961,0.09815394878387451
73,8,0.7313520908355713,0.09141901135444641
74,8,0.7146656513214111,0.08933320641517639
75,8,0.6983404159545898,0.08729255199432373
76,8,0.7343838214874268,0.09179797768592834
77,8,0.770723819732666,0.09634047746658325
78,8,0.7389602661132812,0.09237003326416016
79,8,0.7473351955413818,0.09341689944267273
80,8,0.763099193572998,0.09538739919662476
81,8,0.7281899452209473,0.09102374315261841
82,8,0.7815370559692383,0.09769213199615479
83,8,0.7153382301330566,0.08941727876663208
84,8,0.7238142490386963,0.09047678112983704
85,8,0.7687945365905762,0.09609931707382202
86,8,0.6610963344573975,0.08263704180717468
87,8,0.7831196784973145,0.0978899598121643
88,8,0.7293572425842285,0.09116965532302856
89,8,0.7237629890441895,0.09047037363052368
90,8,0.7650058269500732,0.09562572836875916
91,8,0.7305493354797363,0.09131866693496704
92,8,0.778350830078125,0.09729385375976562
93,8,0.6718590259552002,0.08398237824440002
94,8,0.732471227645874,0.09155890345573425
95,8,0.7496490478515625,0.09370613098144531
96,8,0.7401669025421143,0.09252086281776428
1,9,0.827263593673706,0.09191817707485622
2,9,0.8461835384368896,0.09402039315965441
3,9,0.8394300937652588,0.09327001041836208
4,9,0.8239343166351318,0.09154825740390354
5,9,0.8874337673187256,0.09860375192430285
6,9,0.8204498291015625,0.09116109212239583
7,9,0.8922774791717529,0.09914194213019477
8,9,0.8409204483032227,0.09343560536702473
9,9,0.8783457279205322,0.09759396976894802
10,9,0.8244554996490479,0.09160616662767199
11,9,0.9132025241851808,0.10146694713168675
12,9,0.8253417015075684,0.09170463350084093
13,9,0.8281214237213135,0.09201349152459039
14,9,0.8889296054840088,0.09876995616488987
15,9,0.8365392684936523,0.09294880761040582
16,9,0.875676155090332,0.09729735056559245
17,9,0.8459987640380859,0.09399986267089844
18,9,0.8739955425262451,0.09711061583624946
19,9,0.82594895362854,0.09177210595872667
20,9,0.8690543174743652,0.09656159083048503
21,9,0.8574326038360596,0.09527028931511773
22,9,0.8820295333862305,0.09800328148735894
23,9,0.8415143489837646,0.09350159433152941
24,9,0.8337728977203369,0.09264143308003743
25,9,0.8680238723754883,0.09644709693060981
26,9,0.8262248039245605,0.09180275599161784
27,9,0.8694119453430176,0.09660132726033528
28,9,0.833587646484375,0.092620849609375
29,9,0.8713014125823975,0.09681126806471083
30,9,0.8412947654724121,0.09347719616360134
31,9,0.8928344249725342,0.09920382499694824
32,9,0.8491804599761963,0.09435338444179958
33,9,0.8822309970855713,0.09802566634284125
34,9,0.8443493843078613,0.09381659825642903
35,9,0.8648800849914551,0.09609778722127278
36,9,0.8520715236663818,0.0946746137407091
37,9,0.8187508583068848,0.09097231758965386
38,9,0.8809318542480469,0.09788131713867188
39,9,0.8339509963989258,0.09266122182210286
40,9,0.8703303337097168,0.09670337041219075
41,9,0.8561415672302246,0.09512684080335829
42,9,0.8797411918640137,0.09774902131822374
43,9,0.8310847282409668,0.09234274758232965
44,9,0.864851713180542,0.096094634797838
45,9,0.8447508811950684,0.09386120902167426
46,9,0.825793981552124,0.09175488683912489
47,9,0.8793020248413086,0.09770022498236762
48,9,0.8162150382995605,0.09069055981106228
49,9,0.8766252994537354,0.09740281105041504
50,9,0.8253943920135498,0.09171048800150554
51,9,0.8860688209533691,0.09845209121704102
52,9,0.8205652236938477,0.09117391374376085
53,9,0.8812034130096436,0.09791149033440484
54,9,0.8101766109466553,0.09001962343851726
55,9,0.8585684299468994,0.09539649221632215
56,9,0.8230061531066895,0.0914451281229655
57,9,0.8398478031158447,0.09331642256842719
58,9,0.8697285652160645,0.09663650724622938
59,9,0.8163576126098633,0.09070640140109593
60,9,0.8823590278625488,0.09803989198472765
61,9,0.8805816173553467,0.09784240192837185
62,9,0.869124174118042,0.09656935267978245
63,9,0.8358509540557861,0.09287232822842068
64,9,0.8737335205078125,0.09708150227864583
65,9,0.8450853824615479,0.09389837582906087
66,9,0.8674306869506836,0.09638118743896484
67,9,0.8367667198181152,0.09297407997979058
68,9,0.8409831523895264,0.09344257248772515
69,9,0.888155460357666,0.09868394003974067
70,9,0.8437533378601074,0.09375037087334527
71,9,0.9460434913635254,0.10511594348483616
72,9,0.8264899253845215,0.0918322139316135
73,9,0.8668370246887207,0.0963152249654134
74,9,0.8263673782348633,0.09181859758165148
75,9,0.8713610172271729,0.09681789080301921
76,9,0.8257455825805664,0.09174950917561848
77,9,0.8781330585479736,0.09757033983866374
78,9,0.8281075954437256,0.09201195504930285
79,9,0.8394184112548828,0.09326871236165364
80,9,0.8528492450714111,0.0947610272301568
81,9,0.8488864898681641,0.09432072109646267
82,9,0.8737931251525879,0.09708812501695421
83,9,0.8571560382843018,0.09523955980936687
84,9,0.8641726970672607,0.09601918856302898
85,9,0.8329315185546875,0.0925479465060764
86,9,0.878272294998169,0.0975858105553521
87,9,0.8414053916931152,0.09348948796590169
88,9,0.8804271221160889,0.09782523579067653
89,9,0.849034309387207,0.09433714548746745
90,9,0.8769373893737793,0.0974374877081977
91,9,0.8347945213317871,0.09275494681464301
92,9,0.8264172077178955,0.09182413419087727
93,9,0.8788256645202637,0.09764729605780707
94,9,0.8190791606903076,0.0910087956322564
95,9,0.8837287425994873,0.09819208251105414
96,9,0.8435516357421875,0.09372795952690972
1,10,0.9276697635650636,0.09276697635650635
2,10,0.9839675426483154,0.09839675426483155
3,10,0.9130856990814208,0.09130856990814208
4,10,0.9728844165802002,0.09728844165802002
5,10,0.9191875457763672,0.09191875457763672
6,10,0.9953460693359376,0.09953460693359376
7,10,0.9900333881378174,0.09900333881378173
8,10,1.061800241470337,0.10618002414703369
9,10,0.9439661502838136,0.09439661502838136
10,10,0.9959251880645752,0.09959251880645752
11,10,0.9185867309570312,0.09185867309570313
12,10,0.97475266456604,0.09747526645660401
13,10,0.9490077495574952,0.09490077495574953
14,10,0.987478494644165,0.0987478494644165
15,10,0.9390742778778076,0.09390742778778076
16,10,1.009695053100586,0.10096950531005859
17,10,0.9502151012420654,0.09502151012420654
18,10,0.9954624176025392,0.09954624176025392
19,10,0.938596487045288,0.0938596487045288
20,10,1.0022454261779783,0.10022454261779783
21,10,0.9496254920959472,0.09496254920959471
22,10,1.009392023086548,0.1009392023086548
23,10,0.9350521564483644,0.09350521564483644
24,10,1.021195888519287,0.1021195888519287
25,10,0.9417026042938232,0.09417026042938233
26,10,0.9624757766723632,0.09624757766723632
27,10,0.932748317718506,0.0932748317718506
28,10,0.9839019775390624,0.09839019775390624
29,10,0.9348690509796144,0.09348690509796144
30,10,0.9610731601715088,0.09610731601715088
31,10,0.9504151344299316,0.09504151344299316
32,10,0.9809539318084716,0.09809539318084716
33,10,0.9661390781402588,0.09661390781402587
34,10,0.95818829536438,0.095818829536438
35,10,0.9493908882141112,0.09493908882141112
36,10,1.0039143562316897,0.10039143562316896
37,10,0.9485654830932616,0.09485654830932616
38,10,0.9532451629638672,0.09532451629638672
39,10,0.9354491233825684,0.09354491233825683
40,10,1.017096996307373,0.10170969963073731
41,10,0.9503240585327148,0.09503240585327148
42,10,0.965691328048706,0.0965691328048706
43,10,0.946401834487915,0.0946401834487915
44,10,0.9621686935424804,0.09621686935424803
45,10,0.9975020885467528,0.09975020885467528
46,10,0.962958812713623,0.09629588127136231
47,10,0.9404616355895996,0.09404616355895996
48,10,0.9736499786376952,0.09736499786376952
49,10,0.9652512073516846,0.09652512073516846
50,10,0.9862174987792968,0.09862174987792968
51,10,0.956394910812378,0.0956394910812378
52,10,0.9773869514465332,0.09773869514465332
53,10,0.9401228427886964,0.09401228427886964
54,10,1.0618045330047607,0.10618045330047607
55,10,0.9838571548461914,0.09838571548461914
56,10,0.959336519241333,0.0959336519241333
57,10,0.9273567199707032,0.09273567199707032
58,10,0.9570708274841307,0.09570708274841308
59,10,0.950221061706543,0.09502210617065429
60,10,0.9743685722351074,0.09743685722351074
61,10,0.9445269107818604,0.09445269107818603
62,10,1.0380821228027344,0.10380821228027344
63,10,0.9530954360961914,0.09530954360961914
64,10,0.9716458320617676,0.09716458320617676
65,10,0.9481735229492188,0.09481735229492187
66,10,0.9837312698364258,0.09837312698364258
67,10,0.9657156467437744,0.09657156467437744
68,10,0.9723823070526124,0.09723823070526125
69,10,0.953134059906006,0.09531340599060059
70,10,0.9565062522888184,0.09565062522888183
71,10,0.9338791370391846,0.09338791370391845
72,10,1.0505549907684326,0.10505549907684326
73,10,0.965397834777832,0.0965397834777832
74,10,0.9660732746124268,0.09660732746124268
75,10,0.9453494548797609,0.09453494548797609
76,10,1.0258049964904783,0.10258049964904783
77,10,0.9510409832000732,0.09510409832000732
78,10,0.9769487380981444,0.09769487380981444
79,10,0.9635109901428224,0.09635109901428224
80,10,1.0925047397613523,0.10925047397613523
81,10,0.983647346496582,0.0983647346496582
82,10,0.9632401466369628,0.09632401466369628
83,10,0.9665894508361816,0.09665894508361816
84,10,0.969921350479126,0.0969921350479126
85,10,0.9354617595672609,0.09354617595672608
86,10,0.9619474411010742,0.09619474411010742
87,10,0.950645923614502,0.09506459236145019
88,10,0.9713444709777832,0.09713444709777833
89,10,0.9643595218658448,0.09643595218658449
90,10,0.9598371982574464,0.09598371982574463
91,10,0.9533462524414062,0.09533462524414063
92,10,1.0501329898834229,0.10501329898834229
93,10,0.9720005989074708,0.09720005989074708
94,10,0.9937665462493896,0.09937665462493897
95,10,0.9584147930145264,0.09584147930145263
96,10,1.004565715789795,0.1004565715789795
1,11,1.0832135677337646,0.09847396070306952
2,11,1.0949158668518066,0.09953780607743697
3,11,1.0567433834075928,0.09606758030978116
4,11,1.1076092720031738,0.10069175200028853
5,11,1.060297966003418,0.0963907241821289
6,11,1.167696475982666,0.10615422508933327
7,11,1.0447633266448977,0.09497848424044525
8,11,1.0914530754089355,0.09922300685535777
9,11,1.1102757453918457,0.10093415867198598
10,11,1.0504364967346191,0.09549422697587447
11,11,1.1136739253997805,0.10124308412725277
12,11,1.074505090713501,0.09768228097395464
13,11,1.101773023605347,0.10016118396412245
14,11,1.072007656097412,0.09745524146340111
15,11,1.1036221981048584,0.10032929073680531
16,11,1.1062288284301758,0.10056625713001598
17,11,1.075713872909546,0.09779217026450417
18,11,1.1082231998443604,0.10074756362221458
19,11,1.057337999343872,0.09612163630398837
20,11,1.1967592239379885,0.10879629308527168
21,11,1.053591251373291,0.09578102285211737
22,11,1.09901762008667,0.09991069273515181
23,11,1.1859896183013916,0.10781723802739923
24,11,1.0519354343414309,0.09563049403103917
25,11,1.1192543506622314,0.1017503955147483
26,11,1.0682704448699951,0.09711549498818138
27,11,1.1889643669128418,0.10808766971934926
28,11,1.074378490447998,0.09767077185890892
29,11,1.09190034866333,0.09926366806030273
30,11,1.1119334697723389,0.10108486088839444
31,11,1.0578594207763672,0.09616903825239702
32,11,1.111003875732422,0.1010003523393111
33,11,1.207106590270996,0.10973696275190874
34,11,1.1094305515289309,0.10085732286626645
35,11,1.075808048248291,0.09780073165893555
36,11,1.0931713581085205,0.09937921437350186
37,11,1.0928761959075928,0.09935238144614479
38,11,1.0693597793579102,0.09721452539617365
39,11,1.162834644317627,0.10571224039251154
40,11,1.0596256256103516,0.09632960232821378
41,11,1.1062700748443604,0.10057000680403276
42,11,1.0758047103881836,0.0978004282171076
43,11,1.1637704372406006,0.10579731247641823
44,11,1.0980257987976074,0.09982052716341885
45,11,1.138378620147705,0.10348896546797319
46,11,1.1081359386444092,0.10073963078585538
47,11,1.043705940246582,0.09488235820423473
48,11,1.1047232151031494,0.1004293831911954
49,11,1.0744812488555908,0.09768011353232643
50,11,1.133411884307861,0.10303744402798737
51,11,1.185004711151123,0.10772770101373846
52,11,1.0931038856506348,0.09937308051369408
53,11,1.1125373840332031,0.10113976218483665
54,11,1.0693271160125732,0.09721155600114302
55,11,1.111530065536499,0.10104818777604536
56,11,1.0532264709472656,0.09574786099520596
57,11,1.1755108833312988,0.10686462575739081
58,11,1.1050047874450684,0.1004549806768244
59,11,1.0595979690551758,0.09632708809592506
60,11,1.1135547161102295,0.10123224691911177
61,11,1.076162815093994,0.09783298319036308
62,11,1.0971558094024658,0.09974143721840599
63,11,1.1696162223815918,0.10632874748923561
64,11,1.114086389541626,0.10128058086742055
65,11,1.0937166213989258,0.09942878376353871
66,11,1.0444724559783936,0.09495204145258124
67,11,1.1068809032440186,0.10062553665854714
68,11,1.051494836807251,0.09559043970975009
69,11,1.1888039112091064,0.1080730828371915
70,11,1.0718421936035156,0.09744019941850142
71,11,1.0880732536315918,0.09891575033014471
72,11,1.105781316757202,0.10052557425065473
73,11,1.0602436065673828,0.09638578241521661
74,11,1.0935790538787842,0.09941627762534401
75,11,1.1370110511779783,0.10336464101617984
76,11,1.1124427318572998,0.10113115744157271
77,11,1.0758473873138428,0.09780430793762207
78,11,1.0836803913116455,0.0985163992101496
79,11,1.0903913974761963,0.0991264906796542
80,11,1.0661332607269287,0.09692120552062988
81,11,1.1834831237792969,0.10758937488902699
82,11,1.0560169219970703,0.09600153836337003
83,11,1.1001636981964111,0.10001488165421919
84,11,1.0587973594665527,0.09625430540605025
85,11,1.0964984893798828,0.09968168085271661
86,11,1.1796858310699463,0.1072441664609042
87,11,1.0765111446380615,0.09786464951255104
88,11,1.1187798976898191,0.10170726342634719
89,11,1.0756292343139648,0.09778447584672408
90,11,1.198450803756714,0.10895007306879219
91,11,1.0899362564086914,0.09908511421897194
92,11,1.0969007015228271,0.09971824559298428
93,11,1.120368480682373,0.10185168006203392
94,11,1.0749132633209229,0.09771938757462935
95,11,1.1075527667999268,0.1006866151636297
96,11,1.1389422416687012,0.10354020378806374
1,12,1.18782377243042,0.09898531436920166
2,12,1.3156163692474363,0.10963469743728636
3,12,1.2283735275268557,0.10236446062723797
4,12,1.305013656616211,0.1087511380513509
5,12,1.2669105529785156,0.1055758794148763
6,12,1.2789149284362793,0.10657624403635661
7,12,1.2251546382904053,0.10209621985753377
8,12,1.1616451740264893,0.09680376450220744
9,12,1.301793098449707,0.10848275820414226
10,12,1.2340388298034668,0.1028365691502889
11,12,1.1688978672027588,0.0974081556002299
12,12,1.2199087142944336,0.10165905952453613
13,12,1.3864223957061768,0.1155351996421814
14,12,1.2009742259979248,0.10008118549982707
15,12,1.241749286651611,0.10347910722096759
16,12,1.318411111831665,0.10986759265263875
17,12,1.185798406600952,0.09881653388341266
18,12,1.232311725616455,0.10269264380137126
19,12,1.2482221126556396,0.10401850938796997
20,12,1.2196815013885498,0.10164012511571248
21,12,1.2237796783447266,0.10198163986206055
22,12,1.26348876953125,0.10529073079427083
23,12,1.2338604927062988,0.1028217077255249
24,12,1.2387819290161133,0.10323182741800944
25,12,1.2566680908203125,0.1047223409016927
26,12,1.2352502346038818,0.10293751955032349
27,12,1.2248868942260742,0.10207390785217285
28,12,1.2695066928863523,0.10579222440719603
29,12,1.234576940536499,0.10288141171137492
30,12,1.2049674987792969,0.10041395823160808
31,12,1.3011078834533691,0.10842565695444743
32,12,1.225320816040039,0.1021100680033366
33,12,1.1725571155548096,0.0977130929629008
34,12,1.3073899745941162,0.10894916454950969
35,12,1.237377405166626,0.1031147837638855
36,12,1.1670753955841064,0.09725628296534221
37,12,1.2978174686431885,0.1081514557202657
38,12,1.1875057220458984,0.09895881017049153
39,12,1.231609582901001,0.10263413190841675
40,12,1.2903571128845217,0.10752975940704347
41,12,1.2659506797790527,0.10549588998158772
42,12,1.2402353286743164,0.10335294405619304
43,12,1.299649715423584,0.10830414295196533
44,12,1.1935665607452393,0.09946388006210327
45,12,1.2320857048034668,0.10267380873362224
46,12,1.3142638206481934,0.10952198505401611
47,12,1.1857826709747314,0.09881522258122762
48,12,1.2382018566131592,0.1031834880510966
49,12,1.289414405822754,0.10745120048522949
50,12,1.219836711883545,0.10165305932362874
51,12,1.2383058071136477,0.10319215059280397
52,12,1.2635014057159424,0.10529178380966187
53,12,1.2357509136199951,0.10297924280166626
54,12,1.21026611328125,0.10085550944010417
55,12,1.2775492668151855,0.10646243890126546
56,12,1.3244550228118896,0.1103712519009908
57,12,1.2392199039459229,0.1032683253288269
58,12,1.2474749088287354,0.10395624240239461
59,12,1.2239034175872805,0.1019919514656067
60,12,1.1985855102539062,0.09988212585449219
61,12,1.2626538276672363,0.10522115230560303
62,12,1.2536399364471436,0.10446999470392863
63,12,1.183105230331421,0.09859210252761841
64,12,1.3466057777404783,0.11221714814503986
65,12,1.2226812839508057,0.10189010699590047
66,12,1.1770565509796145,0.09808804591496788
67,12,1.302999496459961,0.1085832913716634
68,12,1.2219443321228027,0.1018286943435669
69,12,1.177250862121582,0.09810423851013184
70,12,1.306093454360962,0.10884112119674683
71,12,1.215768814086914,0.10131406784057617
72,12,1.2380595207214355,0.1031716267267863
73,12,1.3203332424163818,0.11002777020136516
74,12,1.200704574584961,0.10005871454874675
75,12,1.236663818359375,0.10305531819661458
76,12,1.325387954711914,0.11044899622599284
77,12,1.1902687549591064,0.09918906291325887
78,12,1.2441072463989258,0.10367560386657715
79,12,1.3155159950256348,0.1096263329188029
80,12,1.184866428375244,0.09873886903127033
81,12,1.2320306301116943,0.10266921917597453
82,12,1.2520055770874023,0.10433379809061687
83,12,1.238231897354126,0.10318599144617717
84,12,1.2530064582824707,0.10441720485687256
85,12,1.246593952178955,0.10388282934824626
86,12,1.2208642959594729,0.10173869132995607
87,12,1.2235074043273926,0.10195895036061604
88,12,1.2482013702392578,0.10401678085327148
89,12,1.233142375946045,0.10276186466217041
90,12,1.1966300010681152,0.09971916675567627
91,12,1.2907371520996094,0.10756142934163411
92,12,1.2306697368621826,0.10255581140518188
93,12,1.1955134868621826,0.09962612390518188
94,12,1.3042848110198977,0.10869040091832481
95,12,1.2393531799316406,0.10327943166097005
96,12,1.1798863410949707,0.09832386175791423
1,13,1.3535218238830566,0.10411706337561974
2,13,1.4036946296691897,0.10797650997455305
3,13,1.340773582458496,0.10313642941988431
4,13,1.387735366821289,0.10674887437086839
5,13,1.4020748138427734,0.10785190875713642
6,13,1.4346539974212646,0.11035799980163574
7,13,1.364264965057373,0.10494345885056716
8,13,1.4280765056610107,0.10985203889700082
9,13,1.3590707778930664,0.10454390599177434
10,13,1.443364143371582,0.11102801102858323
11,13,1.3106842041015625,0.10082186185396634
12,13,1.411928415298462,0.10860987809988168
13,13,1.3445618152618408,0.10342783194321853
14,13,1.3846931457519531,0.10651485736553486
15,13,1.3634731769561768,0.10488255207355206
16,13,1.3540706634521484,0.10415928180401142
17,13,1.3588874340057373,0.10452980261582595
18,13,1.3403887748718262,0.10310682883629432
19,13,1.440796136856079,0.11083047206585224
20,13,1.351897954940796,0.10399215038006122
21,13,1.318859577178955,0.10145073670607346
22,13,1.4243395328521729,0.10956457945016715
23,13,1.352494716644287,0.10403805512648362
24,13,1.3727872371673584,0.10559901824364296
25,13,1.335045576095581,0.10269581354581393
26,13,1.4152965545654297,0.10886896573580228
27,13,1.304340124130249,0.10033385570232685
28,13,1.4338984489440918,0.11029988068800706
29,13,1.3578336238861084,0.10444874029893142
30,13,1.3093929290771484,0.10072253300593449
31,13,1.4457988739013672,0.11121529799241286
32,13,1.360706806182861,0.10466975432175854
33,13,1.4161546230316162,0.10893497100243202
34,13,1.3170709609985352,0.10131315084604117
35,13,1.4322466850280762,0.11017282192523663
36,13,1.3521857261657717,0.10401428662813629
37,13,1.3934674263000488,0.10718980202308068
38,13,1.3706536293029783,0.10543489456176756
39,13,1.3617010116577148,0.10474623166597806
40,13,1.3939719200134275,0.10722860923180212
41,13,1.352931261062622,0.10407163546635555
42,13,1.4232995510101318,0.10948458084693322
43,13,1.309422254562378,0.10072478881249061
44,13,1.419769048690796,0.10921300374544583
45,13,1.346165895462036,0.10355122272784892
46,13,1.4159703254699707,0.10892079426692082
47,13,1.3177587985992432,0.10136606143071102
48,13,1.4342620372772217,0.11032784902132474
49,13,1.4035961627960205,0.10796893559969388
50,13,1.472342014312744,0.11325707802405723
51,13,1.3511898517608645,0.10393768090468189
52,13,1.442444086074829,0.11095723739037147
53,13,1.345608472824097,0.10350834406339207
54,13,1.5817270278930664,0.12167130983792819
55,13,1.3899073600769043,0.10691595077514648
56,13,1.5018393993377686,0.11552610764136681
57,13,1.348125457763672,0.10370195828951324
58,13,1.4867100715637207,0.11436231319720928
59,13,1.500951051712036,0.11545777320861815
60,13,1.4206311702728271,0.10927932079021747
61,13,1.372600793838501,0.10558467644911546
62,13,1.4412126541137695,0.11086251185490535
63,13,1.3639194965362549,0.10491688434894268
64,13,1.388524055480957,0.10680954272930439
65,13,1.3432483673095703,0.10332679748535156
66,13,1.4333879947662354,0.1102606149820181
67,13,1.3040084838867188,0.10030834491436298
68,13,1.4425642490386963,0.11096648069528434
69,13,1.3508949279785156,0.10391499445988582
70,13,1.3850603103637695,0.10654310079721305
71,13,1.3251900672912598,0.10193769748394306
72,13,1.423748254776001,0.10951909652123085
73,13,1.347393035888672,0.10364561814528248
74,13,1.403865098953247,0.10798962299640362
75,13,1.3634657859802246,0.10488198353694035
76,13,1.4228417873382568,0.10944936825678898
77,13,1.3017339706420898,0.10013338235708383
78,13,1.4378621578216553,0.11060478137089656
79,13,1.3572490215301514,0.10440377088693473
80,13,1.3829588890075684,0.10638145300058219
81,13,1.3670198917388916,0.10515537628760704
82,13,1.4408926963806152,0.11083789972158578
83,13,1.3277802467346191,0.10213694205650917
84,13,1.4032564163208008,0.10794280125544621
85,13,1.3704628944396973,0.10542022264920749
86,13,1.4359145164489746,0.11045496280376728
87,13,1.3146047592163086,0.10112344301663913
88,13,1.435197353363037,0.11039979641254132
89,13,1.366825819015503,0.10514044761657715
90,13,1.378453254699707,0.10603486574613132
91,13,1.3520684242248535,0.10400526340191181
92,13,1.4367341995239258,0.1105180153479943
93,13,1.2913570404052734,0.0993351569542518
94,13,1.439453125,0.11072716346153846
95,13,1.3493778705596924,0.10379829773536095
96,13,1.397620439529419,0.10750926457918607
1,14,1.4046599864959717,0.10033285617828369
2,14,1.547196865081787,0.11051406179155622
3,14,1.4871153831481934,0.1062225273677281
4,14,1.5531859397888184,0.11094185284205846
5,14,1.4504520893096924,0.10360372066497803
6,14,1.5804119110107422,0.11288656507219587
7,14,1.4791865348815918,0.10565618106297084
8,14,1.5621402263641355,0.1115814447402954
9,14,1.4346787929534912,0.10247705663953509
10,14,1.4429004192352295,0.10306431565965925
11,14,1.5687663555145264,0.11205473967960902
12,14,1.501567840576172,0.10725484575544086
13,14,1.4567527770996094,0.10405376979282924
14,14,1.5289607048034668,0.10921147891453334
15,14,1.48337721824646,0.10595551558903285
16,14,1.4800255298614502,0.10571610927581787
17,14,1.7386231422424316,0.12418736730303083
18,14,1.505056381225586,0.107504027230399
19,14,1.570521116256714,0.11218007973262244
20,14,1.4737021923065186,0.10526444230760847
21,14,1.5746171474456787,0.11247265338897705
22,14,1.4526984691619873,0.10376417636871338
23,14,1.5323772430419922,0.1094555173601423
24,14,1.4919793605804443,0.1065699543271746
25,14,1.5607807636260986,0.11148434025900704
26,14,1.4504919052124023,0.10360656465802874
27,14,1.4548280239105225,0.10391628742218018
28,14,1.5748095512390137,0.1124863965170724
29,14,1.4976966381072998,0.10697833129337855
30,14,1.4806749820709229,0.10576249871935163
31,14,1.5324811935424805,0.10946294239589147
32,14,1.4881906509399414,0.10629933220999581
33,14,1.5437572002410889,0.11026837144579206
34,14,1.4942131042480469,0.10672950744628906
35,14,1.5139362812042236,0.10813830580030169
36,14,1.487461805343628,0.10624727181025914
37,14,1.563816785812378,0.11170119898659843
38,14,1.4864351749420166,0.1061739410672869
39,14,1.421708345413208,0.10155059610094343
40,14,1.5510284900665283,0.11078774929046631
41,14,1.5276453495025637,0.10911752496446883
42,14,1.4847657680511477,0.10605469771793911
43,14,1.5312011241912842,0.10937150887080602
44,14,1.4816796779632568,0.1058342627116612
45,14,1.5648226737976074,0.11177304812840053
46,14,1.482973337173462,0.10592666694096156
47,14,1.5479495525360107,0.11056782518114362
48,14,1.4518473148345947,0.10370337963104248
49,14,1.5617048740386963,0.11155034814562116
50,14,1.4981110095977783,0.10700792925698417
51,14,1.4348104000091553,0.1024864571435111
52,14,1.5158214569091797,0.10827296120779854
53,14,1.5104188919067385,0.10788706370762417
54,14,1.551238775253296,0.11080276966094971
55,14,1.4715092182159424,0.10510780130113874
56,14,1.5291850566864014,0.10922750404902867
57,14,1.4915642738342283,0.10654030527387345
58,14,1.579171657562256,0.11279797554016115
59,14,1.485867261886597,0.10613337584904263
60,14,1.4197075366973877,0.10140768119267055
61,14,1.5760350227355957,0.1125739301953997
62,14,1.4927308559417725,0.10662363256726946
63,14,1.4765729904174805,0.10546949931553432
64,14,1.5278003215789795,0.10912859439849854
65,14,1.4772319793701172,0.10551656995500837
66,14,1.4796969890594482,0.10569264207567487
67,14,1.5658433437347412,0.11184595312391009
68,14,1.4594790935516355,0.10424850668225968
69,14,1.5347299575805664,0.10962356839861188
70,14,1.471238613128662,0.10508847236633301
71,14,1.5884456634521484,0.11346040453229632
72,14,1.477337121963501,0.10552408014025007
73,14,1.5475728511810305,0.11054091794150218
74,14,1.505535125732422,0.10753822326660158
75,14,1.4784963130950928,0.10560687950679234
76,14,1.6174812316894531,0.1155343736921038
77,14,1.480738878250122,0.10576706273215157
78,14,1.4792120456695557,0.10565800326211112
79,14,1.6358401775360107,0.11684572696685791
80,14,1.4833827018737793,0.10595590727669853
81,14,1.5210027694702148,0.1086430549621582
82,14,1.469114065170288,0.10493671894073486
83,14,1.5649337768554688,0.11178098406110491
84,14,1.4784672260284424,0.10560480185917445
85,14,1.457200527191162,0.10408575194222587
86,14,1.546454906463623,0.11046106474740165
87,14,1.4813976287841797,0.10581411634172712
88,14,1.6322264671325684,0.11658760479518346
89,14,1.4938268661499023,0.10670191901070732
90,14,1.5060203075408936,0.10757287911006383
91,14,1.5116081237792969,0.10797200884137835
92,14,1.478156805038452,0.10558262893131799
93,14,1.5477724075317385,0.11055517196655275
94,14,1.4517011642456057,0.10369294030325756
95,14,1.5834269523620603,0.1131019251687186
96,14,1.489727258682251,0.10640908990587507
1,15,1.6093873977661133,0.10729249318440755
2,15,1.6718835830688477,0.11145890553792318
3,15,1.600203037261963,0.10668020248413086
4,15,1.701369285583496,0.11342461903889973
5,15,1.620983362197876,0.1080655574798584
6,15,1.6147334575653076,0.10764889717102051
7,15,1.6377298831939695,0.1091819922129313
8,15,1.6467187404632568,0.10978124936421713
9,15,1.6723053455352783,0.11148702303568522
10,15,1.6983232498168943,0.11322154998779295
11,15,1.6462173461914062,0.10974782307942708
12,15,1.695098876953125,0.113006591796875
13,15,1.575920581817627,0.10506137212117513
14,15,1.7046103477478027,0.11364068984985351
15,15,1.7010395526885986,0.11340263684590658
16,15,1.6320736408233645,0.1088049093882243
17,15,1.7193915843963623,0.11462610562642415
18,15,1.6836230754852295,0.11224153836568197
19,15,1.559727907180786,0.10398186047871906
20,15,1.698007345199585,0.11320048967997233
21,15,1.6245319843292236,0.1083021322886149
22,15,1.692016839981079,0.11280112266540528
23,15,1.7070987224578855,0.11380658149719237
24,15,1.6174871921539309,0.10783247947692873
25,15,1.6217615604400637,0.10811743736267092
26,15,1.6847341060638428,0.11231560707092285
27,15,1.6388239860534668,0.10925493240356446
28,15,1.6086888313293457,0.10724592208862305
29,15,1.7099571228027344,0.1139971415201823
30,15,1.6038446426391602,0.10692297617594401
31,15,1.6752631664276123,0.11168421109517415
32,15,1.6959147453308103,0.11306098302205402
33,15,1.629103422164917,0.10860689481099446
34,15,1.7298305034637451,0.11532203356424968
35,15,1.6282625198364258,0.10855083465576172
36,15,1.668107986450195,0.11120719909667967
37,15,1.6581635475158691,0.11054423650105795
38,15,1.614896297454834,0.1076597531636556
39,15,1.6128451824188232,0.10752301216125489
40,15,1.6902148723602295,0.11268099149068196
41,15,1.6183254718780518,0.10788836479187011
42,15,1.5599544048309326,0.10399696032206217
43,15,1.7069008350372314,0.11379338900248209
44,15,1.6302711963653564,0.10868474642435709
45,15,1.6882483959197998,0.11254989306131999
46,15,1.686389446258545,0.112425963083903
47,15,1.723348617553711,0.11488990783691407
48,15,1.5916705131530762,0.1061113675435384
49,15,1.7129848003387451,0.11419898668924967
50,15,1.608612298965454,0.10724081993103027
51,15,1.7140812873840332,0.11427208582560221
52,15,1.6335060596466064,0.10890040397644044
53,15,1.5916798114776611,0.10611198743184408
54,15,1.6509954929351809,0.11006636619567872
55,15,1.7050018310546875,0.11366678873697916
56,15,1.627361536026001,0.10849076906840006
57,15,1.7065656185150146,0.1137710412343343
58,15,1.6962687969207764,0.1130845864613851
59,15,1.561633825302124,0.10410892168680827
60,15,1.6761341094970703,0.11174227396647135
61,15,1.7253026962280271,0.11502017974853514
62,15,1.604673147201538,0.10697820981343588
63,15,1.684587478637695,0.11230583190917967
64,15,1.6344361305236816,0.10896240870157878
65,15,1.6533691883087158,0.11022461255391439
66,15,1.605994701385498,0.10706631342569987
67,15,1.5896587371826172,0.10597724914550781
68,15,1.6994783878326416,0.11329855918884277
69,15,1.7212393283843994,0.11474928855895997
70,15,1.6209635734558103,0.10806423823038735
71,15,1.6500792503356934,0.11000528335571289
72,15,1.695077419281006,0.1130051612854004
73,15,1.6080005168914795,0.10720003445943196
74,15,1.6984872817993164,0.11323248545328776
75,15,1.7147512435913086,0.11431674957275391
76,15,1.6161596775054932,0.10774397850036621
77,15,1.66528582572937,0.11101905504862467
78,15,1.6564629077911377,0.11043086051940917
79,15,1.695340633392334,0.11302270889282226
80,15,1.6408064365386963,0.10938709576924642
81,15,1.6264135837554932,0.10842757225036621
82,15,1.7956936359405518,0.11971290906270345
83,15,1.6224045753479004,0.10816030502319336
84,15,1.7224202156066897,0.1148280143737793
85,15,1.7160420417785645,0.11440280278523764
86,15,1.644665241241455,0.109644349416097
87,15,1.706918478012085,0.11379456520080566
88,15,1.5714824199676514,0.10476549466451009
89,15,1.5763537883758545,0.1050902525583903
90,15,1.7237355709075928,0.11491570472717286
91,15,1.7229864597320557,0.11486576398213705
92,15,1.6463303565979004,0.10975535710652669
93,15,1.869474172592163,0.1246316115061442
94,15,1.646672248840332,0.1097781499226888
95,15,1.65053391456604,0.11003559430440267
96,15,1.694542646408081,0.11296950976053874
1,16,1.7825794219970703,0.1114112138748169
2,16,1.7823991775512695,0.11139994859695435
3,16,1.7251551151275637,0.10782219469547273
4,16,1.8207645416259768,0.11379778385162355
5,16,1.82459020614624,0.11403688788414
6,16,1.8210854530334477,0.11381784081459048
7,16,1.869823694229126,0.11686398088932037
8,16,1.7564363479614258,0.10977727174758911
9,16,1.8260056972503664,0.1141253560781479
10,16,1.8413259983062744,0.11508287489414215
11,16,1.7154791355133057,0.1072174459695816
12,16,1.84285831451416,0.115178644657135
13,16,1.8436965942382808,0.11523103713989255
14,16,1.7679975032806396,0.11049984395503998
15,16,1.822497844696045,0.11390611529350281
16,16,1.864208936691284,0.11651305854320525
17,16,1.845771551132202,0.11536072194576262
18,16,1.7577357292175293,0.10985848307609558
19,16,1.8552489280700684,0.11595305800437927
20,16,1.8385202884674072,0.11490751802921295
21,16,1.7192845344543457,0.1074552834033966
22,16,1.866395711898804,0.11664973199367525
23,16,1.855289459228516,0.11595559120178225
24,16,1.7605786323547363,0.11003616452217102
25,16,1.8379042148590088,0.11486901342868805
26,16,1.8388798236846924,0.11492998898029327
27,16,1.842124462127685,0.11513277888298032
28,16,1.769904613494873,0.11061903834342957
29,16,1.840142011642456,0.1150088757276535
30,16,1.8043432235717771,0.11277145147323607
31,16,1.8380956649780276,0.11488097906112672
32,16,1.8359615802764893,0.11474759876728058
33,16,1.8361663818359373,0.11476039886474608
34,16,1.7786636352539062,0.11116647720336914
35,16,1.8314201831817627,0.11446376144886017
36,16,1.8310856819152832,0.1144428551197052
37,16,1.844621419906616,0.1152888387441635
38,16,1.782954216003418,0.11143463850021362
39,16,2.018805742263794,0.12617535889148712
40,16,1.8097350597381592,0.11310844123363495
41,16,1.7274982929229736,0.10796864330768585
42,16,1.8341491222381592,0.11463432013988495
43,16,1.832813501358032,0.114550843834877
44,16,1.7858762741088867,0.11161726713180542
45,16,1.8233461380004885,0.11395913362503053
46,16,1.8262534141540527,0.1141408383846283
47,16,1.8320553302764893,0.11450345814228058
48,16,1.7515826225280762,0.10947391390800476
49,16,1.7892091274261477,0.11182557046413423
50,16,1.83590030670166,0.11474376916885375
51,16,1.7415111064910889,0.10884444415569305
52,16,1.8262109756469729,0.1141381859779358
53,16,1.8384137153625488,0.1149008572101593
54,16,1.7780539989471436,0.11112837493419647
55,16,1.8482675552368164,0.11551672220230103
56,16,1.8236408233642576,0.1139775514602661
57,16,1.848383903503418,0.11552399396896362
58,16,1.7002251148223877,0.10626406967639923
59,16,1.8215751647949217,0.1138484477996826
60,16,1.8641459941864011,0.11650912463665007
61,16,1.7689151763916016,0.1105571985244751
62,16,1.8445825576782229,0.11528640985488893
63,16,1.8348355293273928,0.11467722058296205
64,16,1.7624194622039795,0.11015121638774872
65,16,1.8370485305786133,0.11481553316116333
66,16,1.8488566875457764,0.11555354297161102
67,16,1.8483998775482176,0.1155249923467636
68,16,1.7313218116760254,0.10820761322975159
69,16,1.7971584796905518,0.11232240498065948
70,16,1.8525445461273196,0.11578403413295747
71,16,1.7600586414337158,0.11000366508960724
72,16,1.8322985172271729,0.1145186573266983
73,16,1.8327829837799072,0.1145489364862442
74,16,1.761763095855713,0.11011019349098206
75,16,1.8311996459960935,0.11444997787475585
76,16,1.8296074867248533,0.11435046792030333
77,16,1.840583324432373,0.11503645777702332
78,16,1.6949493885040283,0.10593433678150177
79,16,1.8341193199157717,0.11463245749473573
80,16,1.8445849418640137,0.11528655886650085
81,16,1.7606849670410156,0.11004281044006348
82,16,1.727649450302124,0.10797809064388275
83,16,1.8424291610717771,0.11515182256698607
84,16,1.8387629985809328,0.1149226874113083
85,16,1.8604907989501955,0.11628067493438722
86,16,1.7514171600341797,0.10946357250213623
87,16,1.8141701221466064,0.1133856326341629
88,16,1.8059182167053225,0.11286988854408266
89,16,1.7667276859283447,0.11042048037052155
90,16,1.8331644535064695,0.11457277834415434
91,16,1.8706021308898928,0.1169126331806183
92,16,1.7553846836090088,0.10971154272556305
93,16,2.154118061065674,0.13463237881660461
94,16,2.1864748001098637,0.13665467500686648
95,16,1.9095590114593504,0.1193474382162094
96,16,2.063063859939575,0.12894149124622345
